{
  "currentLon": 116.38765,
  "currentLat": 39.90657
}