{
  "currentLon": -122.40989,
  "currentLat": 37.80869
}