{
  "currentLon": -111.88822,
  "currentLat": 40.76031
}